sr. no.,username,user id,name,group,group id
1,zh_nnyj,894435299,Lugo Patti,group name,groupid
2,zrfnder,1703386798,underborn,group name,groupid
3,z79z98,714908964,zahra,group name,groupid
4,Zahra_kahani337,1133642049,Zahra,group name,groupid
5,,1150737080,zahra Asadi,group name,groupid
6,,1218029651,â£ï¸â£ï¸zahraâ£ï¸â£ï¸,group name,groupid
7,,90462214,Mohammad Zare,group name,groupid
8,Hahhh73,186840494,Z.Å,group name,groupid
9,ZaraAzadtabar,188593300,Zara Azadtabar,group name,groupid
10,zahra05147,189203112,O.Golestani,group name,groupid
11,Ahmad6781ZZZ,211393732,Aâ¤ï¸â¤ï¸â¤ï¸Z,group name,groupid
12,Zsaghi1415,1261712447,â™ªâ™«â€¢*Â¨*â€¢.Â¸Â¸â¤Zahra saghi â¤Â¸Â¸.â€¢*Â¨*â€¢â™«â™ª,group name,groupid
13,Azdr19,1385205232,"Ø¯Ù†ÛŒØ§ÛŒ Ù…Ù†ğŸ’ğŸ¤©ğŸ’ ØªÙˆÛŒÛŒğŸ‘«ğŸ’‘f,,ğŸ’”â¤zan",group name,groupid
14,Zahra62981,1417370056,Zahra,group name,groupid
15,,1425336205,Ali.z,group name,groupid
16,PaNaH_DaNiEl_fani99,1627780527,zhra,group name,groupid
17,,1757263017,zzz,group name,groupid
18,Zzzz99999z,1785342867,.,group name,groupid
19,zjfwjdxefid,1106906489,sending,group name,groupid
20,,598249867,Zuhairi Airi,group name,groupid
21,,1607786325,Zura Zura,group name,groupid
22,,1752311542,Zayied Myy,group name,groupid
23,,1013171628,Zohir Mardji,group name,groupid
24,,1052689002,Yo,group name,groupid
25,You_Can_not_stop_me,319063477,Ù„Ø§Ø±Ø§.,group name,groupid
26,,1399046390,Yogeshh Soni,group name,groupid
27,Nozomi_Nana,1086556005,Passiv 18 yosh,group name,groupid
28,,1221462313,I Love You,group name,groupid
29,sedighyas1396,999738765,yasi Sedigh,group name,groupid
30,Shahmoradi8336,135216633,Never without you Never without you,group name,groupid
31,yasna1333,760168938,â—â–¬â–¬à¹‘Û©Û©à¹‘â™¥Destinationâ™¥à¹‘Û©Û©à¹‘â–¬â–¬â—,group name,groupid
32,,903018107,yasin farhadi nasab,group name,groupid
33,Be_yadeshahidan,914840594,Ú¯Ù„ Ù‡Ø³ØªÛŒ,group name,groupid
34,,1367965310,Yazaynab,group name,groupid
35,,1759845037,Yousefpoor,group name,groupid
36,,1764577027,Yaqub,group name,groupid
37,,1115836355,Elvish Yadav,group name,groupid
38,yarini1213,1325679557,Leo USA,group name,groupid
39,,1294016479,Yaa,group name,groupid
40,,949697517,Amit Yadav,group name,groupid
41,,1399562534,YASMEEN,group name,groupid
42,,984413837,Yuvrajsingh,group name,groupid
43,Xyzhahgaga,957081052,Salam,group name,groupid
44,behzadaghaz18,191586815,ğŸ’–behzad.xanğŸ’–,group name,groupid
45,x_fatemeh_x_85,1439667489,Ø¨Ø®Øª Ú©ÛŒØ§Ù†,group name,groupid
46,,384367549,ali h x,group name,groupid
47,M_a_h_x,1446128424,â—¦â€¢â—â—‰âœ¿ à¸„à¹“à¹€Ğ³ âœ¿â—‰â—â€¢â—¦,group name,groupid
48,X_x_setare_x_X,1681730012,setareh,group name,groupid
49,Reza_01421,1730091310,â†“â–¼á¶¤á”¿â²â¤ï¸ ğŸ¾â¤ï¸ â³ê”·â¨Â³ â‚ƒ Â³â©ê”· x â„‹ğ’œâ„³â„ğ’Ÿ ÍŸÍâƒŸÌ¶ğŸ¦©ğŸŒ¿?,group name,groupid
50,bvnmntytyt,1347280039,sdf xcvxcv,group name,groupid
51,,1624144173,Cindy Williams,group name,groupid
52,,975029271,Helen Williams,group name,groupid
53,,821749930,wolf,group name,groupid
54,,1778304881,Randy Wike,group name,groupid
55,,1196901026,Win San,group name,groupid
56,,1214683306,Edwin Wagako,group name,groupid
57,,1402308153,Wan Raihan,group name,groupid
58,,1331367222,Susan wendy,group name,groupid
59,whitekai,1234208212,whitekai,group name,groupid
60,,1715964993,Hentomo S vickie,group name,groupid
61,,1311870758,Vts,group name,groupid
62,,238066640,va.hid9545,group name,groupid
63,tanh24,790859934,Vahid,group name,groupid
64,Maral_true_t_v_d,1021614236,ğ‘´ğ’†ğ’”ğ’• ğ‘®ğ’Šğ’“ğ’,group name,groupid
65,,1317021698,â–‚â–ƒâ–„â–…â–†â–‡â–ˆâ–“â–’â–‘hadi vahedi â–‘â–’â–“â–ˆâ–‡â–†â–…â–„â–ƒâ–‚,group name,groupid
66,hameeed3369,1205307363,vt,group name,groupid
67,vishu0842,1329513996,Vishal Chaudhary,group name,groupid
68,,1303135608,Ellis . Vail,group name,groupid
69,,1316799833,unsymbolicalness,group name,groupid
70,,1352262762,unterrific,group name,groupid
71,,1664387098,unshyness,group name,groupid
72,,1666167746,untemptably,group name,groupid
73,a966548926244,713080274,underbound,group name,groupid
74,M_O_H_A_M_M_D_M_i_n_a,1100073126,untaxing,group name,groupid
75,AlexJames20,1328989292,unshrewdly,group name,groupid
76,,1775540598,uni,group name,groupid
77,emran_karimii,1529778498,unshiny,group name,groupid
78,song490,819442476,unshirked,group name,groupid
79,Hakeet,1182898701,undented,group name,groupid
80,Shax12sga,1312638818,unidirectionality,group name,groupid
81,delhisgirl,1388669740,underbubble,group name,groupid
82,,1391940575,undenominated,group name,groupid
83,uxxw1,1118308958,Ğ‘Ğ£Ğ Ğ”Ğ•Ğ•Ğ’Ğ,group name,groupid
84,,1665124898,unidly,group name,groupid
85,,953553780,Umar,group name,groupid
86,Good5422,1028204639,unidyllic,group name,groupid
87,,1142563780,unterrifying,group name,groupid
88,,1291565465,unsilentious,group name,groupid
89,,1708382742,unsimpering,group name,groupid
90,,1729185188,untendered,group name,groupid
91,,1767608398,unthatch,group name,groupid
92,Ujr6h,1184816776,Eli Jones,group name,groupid
93,,1468526519,Ug,group name,groupid
94,hameemq1,824414368,unsieged,group name,groupid
95,uosof345,1042715627,ØªÙ†Ù‡Ø§ Ù‡Ø³ØªÙ… Ø¨ÛŒ ØªÙˆ,group name,groupid
96,uosef6363,1147109696,uosef jafari,group name,groupid
97,,1704449946,unthankful,group name,groupid
98,,1705545346,untemporizing,group name,groupid
99,,1761616198,unsincereness,group name,groupid
100,,1792054298,unidirected,group name,groupid
101,,1388391295,underclassman,group name,groupid
102,,1494586683,uniauriculated,group name,groupid
103,,1618260646,untimeously,group name,groupid
104,,1542813198,unsigmatic,group name,groupid
105,,1713230446,undercitizen,group name,groupid
106,,1617933198,undeputed,group name,groupid
107,MAHDlppp,1759363898,untaxable,group name,groupid
108,Alrahal2021,1370070598,untaunting,group name,groupid
109,,1026441604,unshiftable,group name,groupid
110,,1036972378,unthorough,group name,groupid
111,,1207354035,unshimmeringly,group name,groupid
112,,1306755237,unsympathizability,group name,groupid
113,,1621104898,unsyllabled,group name,groupid
114,,1773128398,unideating,group name,groupid
115,,1220392511,untidal,group name,groupid
116,Rdrtxc,1666881784,unsymmetricalness,group name,groupid
117,ummulcrochetcraft,219887871,muliz crochet craft,group name,groupid
118,,845174883,Uchenna Kenneth,group name,groupid
119,,1516040816,unicolour,group name,groupid
120,,1560883189,untogaed,group name,groupid
121,,1608097433,underact,group name,groupid
122,,1624000264,untholeably,group name,groupid
123,,1632181498,unshness,group name,groupid
124,,1632410853,underborn,group name,groupid
125,,1641806674,undepressible,group name,groupid
126,,1667544011,untilt,group name,groupid
127,,1677666844,undercharging,group name,groupid
128,,1682457749,unshiftiness,group name,groupid
129,,1686831328,untemperateness,group name,groupid
130,,1695946067,underbury,group name,groupid
131,,1699820960,undeprecatively,group name,groupid
132,,1699979689,untimorous,group name,groupid
133,,1700143136,untelling,group name,groupid
134,,1701372905,unsightless,group name,groupid
135,,1702737125,underbake,group name,groupid
136,,1703388328,unicameral,group name,groupid
137,,1704804883,unshrouded,group name,groupid
138,,1705650959,underbear,group name,groupid
139,,1708850758,undepressing,group name,groupid
140,,1710314592,untyrannically,group name,groupid
141,,1713226853,unhurt,group name,groupid
142,,1714522045,unidentical,group name,groupid
143,,1715512247,untimous,group name,groupid
144,,1717380987,untechnical,group name,groupid
145,,1718724244,unibracteate,group name,groupid
146,,1721633088,unthwarted,group name,groupid
147,,1722576627,underbowed,group name,groupid
148,,1722812068,untaunting,group name,groupid
149,,1724525829,unsympatheticness,group name,groupid
150,,1724862105,unterrible,group name,groupid
151,,1726178556,underages,group name,groupid
152,,1728136708,uniconoclastically,group name,groupid
153,,1728287930,unthewed,group name,groupid
154,,1729530642,unteem,group name,groupid
155,,1729814897,underbitten,group name,groupid
156,,1730189791,unicolor,group name,groupid
157,,1730264718,underbuying,group name,groupid
158,,1731058674,untherapeutic,group name,groupid
159,,1732107131,unicellular,group name,groupid
160,,1734252412,unthreading,group name,groupid
161,,1734455647,untenderly,group name,groupid
162,,1736913607,unshoveled,group name,groupid
163,,1740675684,unthoughtedly,group name,groupid
164,,1746972301,untemperateness,group name,groupid
165,,1747512357,underbowed,group name,groupid
166,,1747744567,unthick,group name,groupid
167,,1750409276,untaxied,group name,groupid
168,,1750508694,unsinewy,group name,groupid
169,,1753784992,untilt,group name,groupid
170,,1756645872,untoadying,group name,groupid
171,,1758713865,untighten,group name,groupid
172,,1760987770,uniaxally,group name,groupid
173,,1762556163,undercaptain,group name,groupid
174,,1762605644,unthankful,group name,groupid
175,,1766389772,unhurtful,group name,groupid
176,,1767556913,unteam,group name,groupid
177,,1768464381,unshrinkable,group name,groupid
178,,1769909269,undercarve,group name,groupid
179,,1770116943,unshrinement,group name,groupid
180,,1772161682,underargue,group name,groupid
181,,1772567240,uniambic,group name,groupid
182,,1774749990,unicism,group name,groupid
183,,1779109526,unicameral,group name,groupid
184,,1783021447,untempestuousness,group name,groupid
185,,1786185561,untirability,group name,groupid
186,,1786295335,untessellated,group name,groupid
187,,1786607909,unshimmering,group name,groupid
188,,1793502666,unialgal,group name,groupid
189,,1793779643,untoggle,group name,groupid
190,,1795106013,unhurtful,group name,groupid
191,,1795343049,underbarring,group name,groupid
192,,1796226160,untoadying,group name,groupid
193,,1796916613,untooled,group name,groupid
194,,1797433146,unshown,group name,groupid
195,,1799115438,undercaptain,group name,groupid
196,,1799203047,underadmiral,group name,groupid
197,ahmadaliyev_3707,1110099622,unshoe,group name,groupid
198,,1613402283,underassessment,group name,groupid
199,Utsavpatel01,1608849073,Khodal Enterprise,group name,groupid
200,rigelyadevo4ka,1349425418,Sam [Unity],group name,groupid
201,behzi_talk,1120468358,ğ‘»ğ’‰ğ’†â£ ğ’ƒğ’†ğ’‰ğ’›ğ’Š[â€¢ğŸ‡®ğŸ‡±â€¢]ğ’•ğ’ğ’Œğ’‰ğ’”â€¢|â™¡,group name,groupid
202,,1690198545,TEODORO,group name,groupid
203,,245158879,Abdolhosein Tavasol,group name,groupid
204,Tohfan,510658787,(Ø¨Ù‡ Ø¯Ø±ÛŒØ§ Ø±ÙØªÙ‡ Ù…ÛŒØ¯Ø§Ù†Ø¯ Ù…ØµÛŒØ¨Øª Ù‡Ø§ÛŒ Ø·ÙˆÙØ§Ù† Ø±Ø§ ğŸ‘ˆØ¨Ù‡ Ø¯Ø±ÛŒØ§ÛŒÛŒ Ú¯Ø±ÙØªØ§Ø±Ù… Ú©Ù‡ Ù…ÙˆØ¬Ø´ Ø¹Ø§Ù„Ù…ÛŒ Ø¯Ø§Ø±Ù‡ğŸ‘‰,group name,groupid
205,Tapesh043,534041883,ğŸ“¸Ø·Ù¾Ø´,group name,groupid
206,s_to_m70_79,691815710,S. R,group name,groupid
207,,742642714,Ëœâ€*Â°â€¢.Ëœâ€*Â°â€¢â“‰â’¾â“ƒâ’¶ â€¢Â°*â€Ëœ.â€¢Â°*â€Ëœ,group name,groupid
208,rmsj13,874853692,TEACHIR AZIZI.HAKIMI,group name,groupid
209,Tanha161,151452513,Ø­ÛŒØ¯Ø± Ø­ÛŒØ¯Ø±ÛŒ,group name,groupid
210,Taranh30,166417759,ğŸŒ¹ &,group name,groupid
211,Torkoshagi,735367018,Jalal Mohsenzade,group name,groupid
212,Tlashgar2,786070009,M,group name,groupid
213,tanhaiek,898778064,Ø¯Ø±Ø­Ø§Ù„ Ù†ÙˆØ´ØªÙ†....,group name,groupid
214,,1164751071,T R,group name,groupid
215,tatalshah78,1235936865,Ø§Ù…ÛŒØ±,group name,groupid
216,tara7475,1401481574,.....,group name,groupid
217,,1503995649,Ù…ÛŒÙ„Ø§Ø¯ tak,group name,groupid
218,,1512858406,F Tahmasebi,group name,groupid
219,,1643208202,saaaaafar ttttt,group name,groupid
220,Telvadoh,1070889061,Tevin Madividi,group name,groupid
221,,1200334218,Thai Long,group name,groupid
222,,1713906063,Tboh,group name,groupid
223,RoxanneBTidwell,1775683755,Roxanne B. Tidwell,group name,groupid
224,theravindranath,1497748664,Ravindra Nath,group name,groupid
225,,1134310512,sahil ravish taragarh,group name,groupid
226,,849443672,Aye Min Thu,group name,groupid
227,TechWale_Babu,821813873,Sk Asif Ikbal,group name,groupid
228,SimonClark12,1790503362,Simon Clark,group name,groupid
229,,1006265892,Suhrob,group name,groupid
230,,1747597184,snuffily,group name,groupid
231,,1184468810,Jyoti Singh,group name,groupid
232,,1329946035,ssssssdgh,group name,groupid
233,,1710607382,semisolemnly,group name,groupid
234,,1199681773,mary daniela silva,group name,groupid
235,,1635538059,Karan Singh Guleriya,group name,groupid
236,,1623912646,Simeon,group name,groupid
237,,1769870398,semmet,group name,groupid
238,,1793790498,socioromantic,group name,groupid
239,,841407641,semisopor,group name,groupid
240,,1646246283,semitendinous,group name,groupid
241,,1764551598,sencio,group name,groupid
242,shayan_5421,806095433,Å¡hÃ¤Ã½Ã¤Ã±,group name,groupid
243,heavyswan859,852007838,snoutish,group name,groupid
244,,1307292105,sempstry,group name,groupid
245,,1766602898,sericate,group name,groupid
246,,1676844298,seraphlike,group name,groupid
247,,1005785944,soave,group name,groupid
248,Syhrlrmdhan,1261796647,Syahrul Ramadhan,group name,groupid
249,Saman_976,1352070397,âœµ Ğ‘ÏÎ±Ï„Ğ²Î± âœµ,group name,groupid
250,Leader0701,955811299,Sardor,group name,groupid
251,,1125626718,soccage,group name,groupid
252,,1612734994,Saeedeh Beyhaghi,group name,groupid
253,,1694508205,sefsdfvs fv,group name,groupid
254,boykot_france1,1032778215,snuzzle,group name,groupid
255,,1233001108,Sucy Manbavaran,group name,groupid
256,,1413710146,sá·¤á´€â·½Ê™â·¡Ê€á·¢,group name,groupid
257,,1630692298,semostomeous,group name,groupid
258,Greensky99,116465431,â™ªâ™«â€¢*Â¨*â€¢.Â¸Â¸â¤Green sky. M â¤Â¸Â¸.â€¢*Â¨*â€¢â™«â™ª,group name,groupid
259,el_sale,134380255,saleh,group name,groupid
260,Mehrab_Saberi,161666630,.Mehrab.S,group name,groupid
261,,225125366,Sed Mohsen,group name,groupid
262,Sadegh2574,232528795,sadehg noorani,group name,groupid
263,sajad_s3,255611425,sajadğŸ‘‘,group name,groupid
264,Ftm_sli,291013727,Ë™Î‡Ù â€¢â—ğŸ’™â—â€¢Ù Î‡Ë™,group name,groupid
265,,304212914,Shiva,group name,groupid
266,ezcchh,372530195,**shahram**,group name,groupid
267,Sarina878787,629197469,HğŸ’SğŸ’–L,group name,groupid
268,,656178774,sarkwt,group name,groupid
269,seid79,697068846,Saeid,group name,groupid
270,,737780902,ğ–£”âœµsabaâœµğ–£”,group name,groupid
271,,755834309,smh nrz,group name,groupid
272,,1019460134,saharğŸ’•,group name,groupid
273,saharsa756,1193877733,..,group name,groupid
274,Safa7080,1213919883,Safa,group name,groupid
275,,1285455447,Siavash,group name,groupid
276,,1401836485,Soheil â˜ â˜ ,group name,groupid
277,,1477824669,Sfr,group name,groupid
278,,1548755778,Sadi F,group name,groupid
279,,1570708318,Sobhan,group name,groupid
280,,1601420803,Sohela..noroze,group name,groupid
281,,1610804840,Seâ“Ÿi,group name,groupid
282,Sedaghatmohemtarinchize,1628081087,Ø²Ù†Ø¯Ú¯ÛŒ Ø¨Ø¯ÙˆÙ† Ø¹Ø´Ù‚ Ø²ÛŒØ¨Ø§Ù†ÛŒØ³ØªğŸŒ·,group name,groupid
283,,1718727252,Saeid,group name,groupid
284,,1724244279,somi,group name,groupid
285,,1735814670,Amir Sam,group name,groupid
286,,73745920,Somayeh-Sh,group name,groupid
287,narmash0048,93921293,"Narma,,s",group name,groupid
288,,111754261,s a,group name,groupid
289,,121153016,shahnaz asadi,group name,groupid
290,Sanaaaaaaaaa92,168558080,Ø«Ù†Ø§,group name,groupid
291,Sara0988,225267859,â”€â•à¤¹à¤ˆâ•¬ğŸ’Ø³ÙÙÙÙÙÙÙÙÙÙÙÙÙÙÙÙÙÙÙÙÙÙÙ€Ù€Ù€Ù€Ù€Ù€Ø§ÙÙÙÙÙÙÙÙÙÙÙÙÙÙÙÙÙÙÙÙÙÙØ±ÙÙÙÙÙ,group name,groupid
292,Smail1393,227654631,Ù…Ø­Ù…Ø¯Ø¬ÙˆØ§Ø¯,group name,groupid
293,mahshid_art_sofal,267856825,MğŸ¨,group name,groupid
294,mohmdjavab,289829081,"s.m,j.s .....",group name,groupid
295,Shahrokh_1990,299212215,â™ªâ™«â€¢*Â¨*â€¢.Â¸Â¸ Shahrokh1369Â¸Â¸.â€¢*Â¨*â€¢â™«â™ª,group name,groupid
296,,300292880,Sahar,group name,groupid
297,sarajoon2017,300761275,S P,group name,groupid
298,S71726,359958714,S.gh,group name,groupid
299,,368285082,SIMA,group name,groupid
300,,585128787,ğŸ’ sara ğŸ’,group name,groupid
301,h03in212,603826622,"â™ â™ HÊºo,ÌˆsÌ  sË‡eÌË™iËÊ¿nË”Ù‹â™ â™ à¿…à¼´à¼…",group name,groupid
302,Davood_s,644061897,M.M.D.S,group name,groupid
303,S_aei_d,716021828,S_aei_d.sh,group name,groupid
304,Safa7531,875930269,Safamanesh,group name,groupid
305,,901784766,Saeed Abolhasani,group name,groupid
306,,922337290,A Sh,group name,groupid
307,sre_hsinpur,974327599,ØµØ§Ø±Ø§Ø­!,group name,groupid
308,sha_habkorramabad,1075808067,Ø´Ù‡Ø§Ø¨,group name,groupid
309,samiar6144,1117393867,s,group name,groupid
310,Shirin_j,1124543778,Shirin,group name,groupid
311,,1349547229,"Sh,F",group name,groupid
312,,1403402007,...SğŸ’›lmaz...,group name,groupid
313,,1407017448,S,group name,groupid
314,Say012345,1438833474,@ @,group name,groupid
315,Sayman1389,1444304036,Sayman Fardkhodaie,group name,groupid
316,,1613107822,S..E,group name,groupid
317,shitiazdiyarkermanshah,1635244032,Reza,group name,groupid
318,Azarbayjan1425,1642450136,Shahram Fathey,group name,groupid
319,li_sadafw_il,1663098391,sadaf dusti,group name,groupid
320,mansorsso,1668949578,.M.a.n.s.o.r.!,group name,groupid
321,,1680875988,F S,group name,groupid
322,,1699256540,Alihasam Simin,group name,groupid
323,,1720345659,sara,group name,groupid
324,,1733075247,ğŸ¥‹SğŸ¥‹,group name,groupid
325,,1739779269,manzaritavakoli_sindya,group name,groupid
326,,1756342862,Sara,group name,groupid
327,shawhinam,928999247,hearers,group name,groupid
328,AHPIO,1240967942,sobered,group name,groupid
329,,1615018946,semitrailer,group name,groupid
330,,1702229746,semitechnical,group name,groupid
331,,1760154698,snowbells,group name,groupid
332,,1659735098,sockeyes,group name,groupid
333,,1663371246,semisomnolently,group name,groupid
334,,1760031898,sereneness,group name,groupid
335,,1642655246,snuffers,group name,groupid
336,,1712685246,seraphims,group name,groupid
337,,1759377298,snowbound,group name,groupid
338,,1352328221,soapberry,group name,groupid
339,,1703578898,snowhammer,group name,groupid
340,,1769191398,semiworks,group name,groupid
341,,1790704798,semiweeklies,group name,groupid
342,Rebie_AYERS,865014857,serfdom,group name,groupid
343,,1659217546,snowsuit,group name,groupid
344,,1714926346,semispontaneousness,group name,groupid
345,,1766066698,snowmobiles,group name,groupid
346,,1774947098,soaky,group name,groupid
347,Aksara_alxx,1305075424,sergeantfish,group name,groupid
348,,1534855746,sociality,group name,groupid
349,Derishae,1377645956,sociobiology,group name,groupid
350,,1667760498,snowdrift,group name,groupid
351,,1774100398,sepulchered,group name,groupid
352,,971060925,sociologic,group name,groupid
353,,1321335382,septuplet,group name,groupid
354,,1710604646,semitonic,group name,groupid
355,kaliahmseotpsaga,1636084089,Kalia OTP SAGA,group name,groupid
356,,1662814659,suburban,group name,groupid
357,,703513996,Grace Sungu,group name,groupid
358,st_Gbrl,842508930,Saya .,group name,groupid
359,,924276468,Samuel,group name,groupid
360,,1047566868,Shahsha Sha,group name,groupid
361,supianmrc,1174251292,Katu Hantu,group name,groupid
362,nuurnabielah,1300243218,Nur Nabilah Syafiqa,group name,groupid
363,,1300994950,Shyda Shya,group name,groupid
364,,1314367225,Nurul Ain Nurul Ain Smah,group name,groupid
365,,1420125284,sercom,group name,groupid
366,,1435903985,sharol own,group name,groupid
367,,1492005620,Sandrinna Skorniky,group name,groupid
368,,1501489134,sociocultural,group name,groupid
369,,1505671246,seraphim,group name,groupid
370,,1511616800,serai,group name,groupid
371,,1514156108,sofii,group name,groupid
372,,1531100269,senescent,group name,groupid
373,,1539212812,Rafie Syauqie,group name,groupid
374,,1558057072,soapsudsy,group name,groupid
375,,1570132844,serdar,group name,groupid
376,,1616572118,septomaxillary,group name,groupid
377,,1620338047,sere,group name,groupid
378,,1631417767,serializing,group name,groupid
379,,1634527778,sequencings,group name,groupid
380,,1635007890,sequestrotomy,group name,groupid
381,,1635065047,semitae,group name,groupid
382,,1639029264,sericate,group name,groupid
383,,1640376040,soccerist,group name,groupid
384,,1650778023,snowfall,group name,groupid
385,,1655402097,Sharifah Ifah,group name,groupid
386,,1655498354,sociales,group name,groupid
387,,1656440098,seriaunt,group name,groupid
388,,1657578871,soberize,group name,groupid
389,,1689062547,snubnose,group name,groupid
390,Gugashini,1696096755,Gugashini S.jani,group name,groupid
391,,1698416870,snugs,group name,groupid
392,,1701119774,snowflight,group name,groupid
393,,1702057915,serais,group name,groupid
394,,1704763069,snowmobilers,group name,groupid
395,,1707170488,semistratified,group name,groupid
396,,1712519027,snowballing,group name,groupid
397,,1713303162,snoutiest,group name,groupid
398,,1714241746,seraphism,group name,groupid
399,,1714768018,sepulchralize,group name,groupid
400,,1716823907,semitransept,group name,groupid
401,,1717172039,serais,group name,groupid
402,,1718695538,serang,group name,groupid
403,,1721116007,soapmonger,group name,groupid
404,,1723984345,senate,group name,groupid
405,,1724510089,sociostatic,group name,groupid
406,,1726981064,sobriety,group name,groupid
407,,1727100975,socager,group name,groupid
408,,1727185649,snudge,group name,groupid
409,,1730167198,socialite,group name,groupid
410,,1733058028,serialise,group name,groupid
411,,1733272066,snufflers,group name,groupid
412,,1733844258,semisomnolently,group name,groupid
413,Johnramos11,1535169546,John Ramos,group name,groupid
414,,161205860,roHam,group name,groupid
415,,1309018002,ğŸ¼ğŸŒ¿ê¯­ğŸ‡²ê¯­ğš’ê¯­ ğšê¯­ğšŠê¯­ğš‡ê¯­ğ™¼ğšŠê¯­ğ™³ê¯­ğŸŒ™ê¯­ğŸ‡³ ê¯­ğšŠğ™¼ê¯­ğšŠê¯­ğ™½ê¯­ğ™¶ğšŠê¯­ğ™½ê¯­ğšœğ™†ê¯­ğ™ğ™”ê¯­ğŸŒšê¯­ğŸ¥€ê¯­à¿,group name,groupid
416,Lone_rabbit,156684137,Ali Chishti,group name,groupid
417,,1453297558,H A R D I K,group name,groupid
418,gordon_19l4,801815148,Dan Reecer,group name,groupid
419,,1500763692,reyhane,group name,groupid
420,,111210510,CH.R,group name,groupid
421,,123629470,reza m,group name,groupid
422,Rezanajar355,161601085,R.n,group name,groupid
423,,268685233,a. rahimi,group name,groupid
424,,281202948,Morteza rozbahany,group name,groupid
425,Ma_Ba_por,333913544,Ma.ry.am,group name,groupid
426,,498467079,RahağŸ’,group name,groupid
427,m_r_128,830416272,mobin,group name,groupid
428,rezakordem,1020341421,reza mohammadi,group name,groupid
429,Rezanasrolahi31,1109470989,Reza Nas,group name,groupid
430,,1257327812,Ry,group name,groupid
431,,1469164303,Behrooz Rahim...,group name,groupid
432,Roodabeseyedpoor77,1682303842,Roodabe,group name,groupid
433,Farehi1008,154347711,R_ J_A,group name,groupid
434,rezaheidarim,187855134,Ø±Ø¶Ø§â€Œâ€Œâ€Œâ€Œâ€Œâ€Œ Ø­ÛŒØ¯Ø±ÛŒ,group name,groupid
435,,247118509,Rahel Nazari,group name,groupid
436,,289490572,ğŸ’™ B@R@NğŸ’™,group name,groupid
437,Ramyar00,405824920,Ramyar,group name,groupid
438,ReZa84433,822708227,Ä±lÄ±ll|Ì²Ì…Ì…â—Ì²Ì…Ì…|Ì²Ì…Ì…=Ì²Ì…Ì…|Ì²Ì…Ì…â—Ì²Ì…Ì…|llÄ±lÄ±á¹á¸™áº‘á¸ Ä±lÄ±ll|Ì²Ì…Ì…â—Ì²Ì…Ì…|Ì²Ì…Ì…=Ì²Ì…Ì…|Ì²Ì…,group name,groupid
439,reza_heidari_65,823848094,Ø±Ø¶Ø§ Ø¢Ù…Ù„,group name,groupid
440,Riopi89,857356582,ï¼¡â“›ğ’¾ à¸„â„•ğ•‹â’¾,group name,groupid
441,RAMIN1367D,862429441,Å˜@min M,group name,groupid
442,,913529829,Emadi R,group name,groupid
443,ramyn09928490889,1006143148,Ø§Ø²Ø¯Ø±Ø¯ ØªÙ†Ù‡Ø§ÛŒÙ… Ø´Ú©Ø³ØªÙ…,group name,groupid
444,,1047436506,R...,group name,groupid
445,Mohammad_Reza_Jomehzadeh,1136103764,Ù…Ø­Ù…Ø¯Ø±Ø¶Ø§ Ø¬Ù…Ø¹Ù‡â€ŒØ²Ø§Ø¯Ù‡,group name,groupid
446,,1233885003,â¤reyhaneâ¤,group name,groupid
447,hsbialah,1302165534,.:**:.â˜†*.:ï½¡.âœ¿ğŸ‘‘rhmatalahğŸ‘‘âœ¿.ï½¡.:* â˜†:**:.,group name,groupid
448,Daneal1382_99,1399136936,ğ’Ÿğ’œğ’©ğ¸ğ’œğ¿ ğ‘…ğ¸ğ’µğ’œğ¼ğ’´,group name,groupid
449,,1427987989,Raha,group name,groupid
450,,1502087961,Arash R,group name,groupid
451,Rezah0013,1512105663,à®œÛ©Û©à®œ ARATAà®œÛ©Û©à®œ,group name,groupid
452,,1560014660,M R,group name,groupid
453,,1614315877,Reyhaneh,group name,groupid
454,,1684995574,M R,group name,groupid
455,,1693902189,Reza,group name,groupid
456,,1720650884,Roya,group name,groupid
457,,1726543219,roya.gh,group name,groupid
458,Reza_5584,1767415965,Ø³ÛŒØ¯Ø±Ø¶Ø§,group name,groupid
459,,1791630879,reza,group name,groupid
460,reedhd,1726606446,McCarthy Reed,group name,groupid
461,MissRose_bot,609517172,Rose,group name,groupid
462,,1179638221,Robin Empire,group name,groupid
463,,1523863657,Diana Roly Diana,group name,groupid
464,,1558542536,Rivinish Ragu,group name,groupid
465,,1666593357,Rajinah Jinah,group name,groupid
466,rahuldeal,1455100796,Rahul Jain,group name,groupid
467,,1107855450,Rahul Prajapati,group name,groupid
468,,725934280,Sandip Rathod.,group name,groupid
469,Demongod2,1045238209,RÃ‚GHÃ„V KÃœMÃƒrR,group name,groupid
470,rajkuam464,1095826558,Raj Malotra,group name,groupid
471,,1081233652,~Nana QuacyğŸŒ~,group name,groupid
472,M_koodakdiroz,93238830,MØŒQ,group name,groupid
473,q98tx,856009416,Ù…Ø­Ù…Ø¯,group name,groupid
474,,1468662660,qkwllk,group name,groupid
475,Add_Bezan_Pool_Begyr,869812132,one,group name,groupid
476,karyabiii543,1144401645,percales,group name,groupid
477,,1763253098,perception,group name,groupid
478,ParsaHasa,140280921,Ù¾Ø§Ø±Ø³Ø§ Ø¯Ø±Ø³Ø§,group name,groupid
479,,239450541,Ë™Î‡Ù â€¢â—â™¥pejmanâ™¥â—â€¢Ù Î‡Ë™,group name,groupid
480,Parisa5860,1137003047,Parisa,group name,groupid
481,,1748737957,Parvaz,group name,groupid
482,,1762962841,ğŸŒ»-.Íœ. â°Ì¶áµ–Ì¶áµ‰Ì¶ê¯­Ë¢Ì¶Ì¶áµƒÊ³Ì¶ê¯­â±Ì¶ â·¯Ì¶ Í¢ğŸ’¸â–·Ì¸ê¯­áµâ€ŒÌ¶â€ŒÌ¶Ê°ê¯­â€ŒÌ¶â€ŒÌ¶áµ’â€ŒÌ¶â€ŒÌ¶áµ‡ê¯­â€ŒÌ¶â€ŒÌ¶ Ì½Íâ°ÍŸÍÌ¶ğŸŒ™ÍŸÍ,group name,groupid
483,NilOofare_abie,266232413,ParyparyğŸ˜»,group name,groupid
484,pesarakbakhoda,902413445,Omid,group name,groupid
485,passes0400,1208457101,.:**:.â˜†*.:ï½¡.âœ¿.:**:.â˜†*.:ï½¡.âœ¿Ù…ÛŒÚ¯Ø°Ø±Ø¯....âœ¿.ï½¡.:* â˜†:**:.âœ¿.ï½¡.:* â˜†:**:.,group name,groupid
486,parmis1347,1671078837,(âœ¿â— â€¿â— â™¥)parmis(â™¥â— â€¿â— âœ¿),group name,groupid
487,Poonehhh70,1677253513,Ù¾ÙˆÙ†Ù‡,group name,groupid
488,l_panda1,1679966114,l_panda,group name,groupid
489,,994877098,prodded,group name,groupid
490,,1513689046,perdrix,group name,groupid
491,,1611928983,perchlorinate,group name,groupid
492,,1775656098,peptonizer,group name,groupid
493,,1332536820,peptonizing,group name,groupid
494,,1345956151,perborax,group name,groupid
495,,1682769546,procuratorate,group name,groupid
496,,1705508798,prodefault,group name,groupid
497,,1610425883,percipiency,group name,groupid
498,,1549466846,perceptually,group name,groupid
499,,1539532162,prod,group name,groupid
500,,1613451231,PARINAH MAHAT,group name,groupid
501,,1613864832,percussional,group name,groupid
502,,1617708313,percomorph,group name,groupid
503,,1646899275,procuring,group name,groupid
504,,1647612565,prodelay,group name,groupid
505,,1670572983,percuss,group name,groupid
506,,1690942437,perceivedness,group name,groupid
507,,1705210575,peracidity,group name,groupid
508,,1713909698,percolated,group name,groupid
509,,1733153932,perceptually,group name,groupid
510,,1748999113,prodespotic,group name,groupid
511,,1768069608,perceptiveness,group name,groupid
512,,1769445008,peptonising,group name,groupid
513,,1781992932,percontatorial,group name,groupid
514,,1785443885,percase,group name,groupid
515,,1787927349,perceptibly,group name,groupid
516,,1788119067,prodemocracy,group name,groupid
517,,1794509472,percrystallization,group name,groupid
518,,1495552883,pequot,group name,groupid
519,CHANDERPRAKSH9950455433,1434957463,CHANDER PRAKASH,group name,groupid
520,,1132432893,Pankaj Malani,group name,groupid
521,,1182957119,Pardeep P.k,group name,groupid
522,,1376866598,Patel,group name,groupid
523,LJP2005,1163702802,Jay Patil,group name,groupid
524,Mihir4545,978169410,Priyank Shrama,group name,groupid
525,,1664339498,one,group name,groupid
526,,1252106305,Olaniyi Benjamin,group name,groupid
527,owais016,1290445902,Owais Bahi,group name,groupid
528,,1535476901,Omid,group name,groupid
529,,84046753,â€˜Â°ÂºÃ¸â€¢â¤â€¢.Â¸Ø§Ù†ÛŒØ³ Ùˆ Ø§ÙˆÛŒØ³ Â¸.â€¢â¤â€¢Ã¸ÂºÂ°â€˜,group name,groupid
530,omar1358,151240481,Ø¨Ù‡ Ø§Ù…ÛŒØ¯ Ø®Ø¯Ø§ğŸ‘† Ø§ÛŒÙ† Ù‡Ù… Ù…ÛŒ Ú¯Ø°Ø±Øª,group name,groupid
531,,317249474,â€˜Â°ÂºÃ¸â€¢â¤â€¢.Â¸İ“Ø¤Ù„ÛŒØ¯ Ø¤Ú€Ø®İœÙ Ú©Ú¢İœÙ İ¦Ù‡Ú”Ø¯Ø§Ø¯ Â¸.â€¢â¤â€¢Ã¸ÂºÂ°â€˜,group name,groupid
532,miladmostafavi,875153331,â€˜Â°ÂºÃ¸â€¢â¤â€¢.Â¸Ù…ÛŒÙ„Ø§Ø¯Â¸.â€¢â¤â€¢Ã¸ÂºÂ°â€˜,group name,groupid
533,,681146469,â€˜Â°ÂºÃ¸â€¢â¤â€¢.Â¸Ariya asadiÂ¸.â€¢â¤â€¢Ã¸ÂºÂ°â€˜,group name,groupid
534,asit_9,793590580,â€˜Â°ÂºÃ¸â€¢â¤â€¢.Â¸Ø´Ù‡Ø±Ø§Ù…Â¸.â€¢â¤â€¢Ã¸ÂºÂ°â€˜,group name,groupid
535,Owolfish,1380349095,ğ‘¬ğ‘´ğ‘¬ğ‘¹ğ‘¨ğ‘³ğ‘«,group name,groupid
536,,1626580939,Â°Ã¸.O Î±Ğ¸Å‚Ñ‚Î± O.Ã¸Â°,group name,groupid
537,,1712816988,O M,group name,groupid
538,,1793315947,âˆ™âˆ™âˆ™âˆ™âˆ™Â·â–«â–«áµ’á´¼áµ’ Ù‡ÛŒØ³ Ø³Ø³ Ø§Ù„Ù…Ù‡áµ’á´¼áµ’â–«â–«Â·âˆ™âˆ™âˆ™âˆ™âˆ™,group name,groupid
539,obsobskhar,1494610783,hydrocarbonic,group name,groupid
540,,1010394289,Fredrick Oduor,group name,groupid
541,,1174050602,Derick Odemba,group name,groupid
542,,1186301545,John Omondi,group name,groupid
543,,1240951080,Erick Osuma,group name,groupid
544,,1365525019,Naa Asante Odai,group name,groupid
545,,1449141549,ool,group name,groupid
546,,1562856295,Othman,group name,groupid
547,Nafashbg,1741706926,M,group name,groupid
548,,1155873647,Nsklaisbw,group name,groupid
549,Nhnhnh44321,1334694713,hydromancy,group name,groupid
550,,1394021199,nonfrauder,group name,groupid
551,,1706595446,narges ninabi,group name,groupid
552,,1617602446,nongregarious,group name,groupid
553,Nafas_11,331850670,Ù†ÙÙ€Ù€Ù€Ù€Ø³,group name,groupid
554,,408849993,(âœ¿â— â€¿â— â™¥)á¹…á¸á¹á¸¡á¸™á¹§ (â™¥â— â€¿â— âœ¿),group name,groupid
555,,794586014,niromand,group name,groupid
556,,804118747,Nazyyyyy M,group name,groupid
557,,888737656,A N,group name,groupid
558,nsi00073,904906386,Nasi,group name,groupid
559,Nima_hell,1099756327,à¼¾á·à¼…ê¯­à¼´ê¯­ÍÌÌÌÌÌ„Ì†Ì‘ğ–£‚à¾€ğ–¥«Í¢à¾‚É´á·¡Éªá·Í¢á´á·ŸÍ¢á´€Í¢â·¶ğ–¥«à¾‚ğ–£‚ê¯­à½²à¼…ÌÌÌÌÌ„Ì†Ì‘à¼´á·à¼¿,group name,groupid
560,naeem1374,1263202043,Ù†Ø¹ÛŒÙ… Ø±ÛŒÛŒØ³ÛŒ,group name,groupid
561,NbhhhNNNN,1299622593,ğŸ’œniloofarğŸ’š,group name,groupid
562,NAMJON2020_Army,1750378432,k.k ...,group name,groupid
563,Nafassi0073,112744568,Nafassi,group name,groupid
564,,134312462,nafas.N.A,group name,groupid
565,Nargess_dn,146082005,Nargess,group name,groupid
566,N234565,180030221,N...,group name,groupid
567,,482529805,nasrin,group name,groupid
568,,482993062,nps ğŸ’—,group name,groupid
569,,495634692,Naser,group name,groupid
570,,661191737,ğŠğ‡ğğ’ğ‡_ğğˆğ˜ğ€ğ“,group name,groupid
571,,1046151111,Hossin nozari,group name,groupid
572,Nazanin13823,1074706688,Ù†Ø§Ø²Ù†ÛŒÙ†,group name,groupid
573,,1240372072,ğŸ’£ğŸ’£ğŸ’£ğŸ’£NimağŸ’£ğŸ’£ğŸ’£ğŸ’£,group name,groupid
574,,1486893930,donyA nAyAb,group name,groupid
575,,1529044252,Naser,group name,groupid
576,,1535816528,Ø¹Ø§Ø±Ù N,group name,groupid
577,,1705135929,Nasrin Nasiri,group name,groupid
578,a_nazanin9,1741361106,Nazanin,group name,groupid
579,fat_imaaa,1231036415,nongalvanized,group name,groupid
580,,958864007,cafe net,group name,groupid
581,,1650916346,nonhectic,group name,groupid
582,,1650560998,nonfortuitousness,group name,groupid
583,,1244345745,nonhabituating,group name,groupid
584,,1213648043,nonfraudulence,group name,groupid
585,,1762976092,nongrievousness,group name,groupid
586,,1634486446,nongeologically,group name,groupid
587,,1218778409,nonhero,group name,groupid
588,,1705030598,nongeometrical,group name,groupid
589,,814317248,nongrieving,group name,groupid
590,,1696447598,nongraduate,group name,groupid
591,,342420397,Nurul Huda,group name,groupid
592,,1052566197,Cecilia Njihis,group name,groupid
593,,1114186108,Iman nazatul,group name,groupid
594,AraMuffin,1173164764,Nur Farahiyah,group name,groupid
595,,1575204791,nongratifying,group name,groupid
596,Ecahhhh06,1578772800,Nur Aisyah,group name,groupid
597,,1613186907,Dlh .nionss,group name,groupid
598,,1625505386,nonheroic,group name,groupid
599,,1632719359,nonharmonies,group name,groupid
600,,1651904190,nonhydrogenous,group name,groupid
601,aenaardy,1675115692,Nur aenaa,group name,groupid
602,,1701959142,nonguaranties,group name,groupid
603,,1709651861,nonfuturition,group name,groupid
604,,1723777613,nonhectic,group name,groupid
605,,1727193080,nonfugitive,group name,groupid
606,,1732247025,nongentile,group name,groupid
607,,1744888635,nonglucose,group name,groupid
608,,1751322953,nonfrangible,group name,groupid
609,,1757865323,nongaseous,group name,groupid
610,,1762480593,nonfortifiable,group name,groupid
611,,1764999830,nonfreemen,group name,groupid
612,,1789042070,nonfouling,group name,groupid
613,,1789627939,nonglobular,group name,groupid
614,,1791353729,nongases,group name,groupid
615,,1793356866,nongravitational,group name,groupid
616,,1793357956,nonglandered,group name,groupid
617,naiseri,873634184,lionheart,group name,groupid
618,AliDrD,1655684998,nonhedonically,group name,groupid
619,,1676349198,nongenetical,group name,groupid
620,,1681395498,nongeological,group name,groupid
621,nobuddyyyyyy,1360455598,kalu,group name,groupid
622,noahava21,1458110095,Janet,group name,groupid
623,ABrooklynn,1297257667,Nora Clara,group name,groupid
624,MixMaxBro,1573670661,MixMax,group name,groupid
625,,1680826146,Jack Man,group name,groupid
626,mad_MinBot,1278258582,chances,group name,groupid
627,Extirosli17,628131808,Monster,group name,groupid
628,,971477572,Juhi Malhotra,group name,groupid
629,M_mohammad_2017_M,1117848349,á á¬áªá á¢á¾á¾á ê¦¿à¾‚â˜á´Ì¤á´Ì¤ÊœÌ¤á´€Ì¤á´Ì¤á´Ì¤á´€Ì¤á´…Ì¤áœ´ âš˜âœğŸ«â†µâ†´,group name,groupid
630,,1768876230,Ahmadi Mohammad,group name,groupid
631,,1272837783,michael,group name,groupid
632,Mahbob700,103423688,Mahbob,group name,groupid
633,,112563630,M.M,group name,groupid
634,Mesht_amin,121984650,Mesht._.amin,group name,groupid
635,mehrdadkalvandi2,160546221,Ø¢Ø±ÛŒØ§ Ù…Ù‡Ø± .,group name,groupid
636,Mahsa_dell,165398606,M-del,group name,groupid
637,,192095278,Mahdi,group name,groupid
638,Marmar369,247883889,M,group name,groupid
639,Mmaryam_k,347561586,MMM,group name,groupid
640,,431313904,Iife matin,group name,groupid
641,Mehrmanis,445592425,Ù…Ù‡Ø±Ø³Ø§ ØªÙˆØ²Ù†Ø¯Ù‡ Ø¬Ø§Ù†ÛŒ,group name,groupid
642,malakeh1123,453642473,ğŸ‘ˆğŸ‘¸Ù…Ù„Ú©Ù‡ Ú©Ø§Ø±ØªØ±ÛŒÙ†Ø§ğŸ‘¸ğŸ‘‰,group name,groupid
643,mahan67893,476962029,ÏariÎ´a,group name,groupid
644,,485006962,Mehrdad Kagsr,group name,groupid
645,mobinaa2382,635711160,ğŸºØ¯Ø®ØªØ±Ú©Ø§Ø±Ø§ØªÙ‡ Ú©Ø§ğŸº,group name,groupid
646,,652927844,â€“â€“â€“â€“â€¢(-â€¢ á¹ƒá¸á¹áºá¸á¹ƒ â€¢-)â€¢â€“â€“â€“â€“,group name,groupid
647,Mersad_feghhi,702877081,ã€Œmersadã€,group name,groupid
648,,895039535,â€Œâ€Œ M,group name,groupid
649,,1200058403,Martia,group name,groupid
650,Modarrsan,1333120206,Mo Mmmmmmmmm,group name,groupid
651,,1392697547,M.........,group name,groupid
652,,1420303934,_mrym_,group name,groupid
653,,1520266258,M,group name,groupid
654,,1611828893,Mahtab F,group name,groupid
655,Missfatiiiii1989,1639589374,My.Love,group name,groupid
656,,1641137730,Mahdi Khorabeh,group name,groupid
657,,1666087181,Mohammad Modarresy,group name,groupid
658,,1667041621,Mohsen,group name,groupid
659,MW219,1675900227,A,group name,groupid
660,,1680530962,mhmd,group name,groupid
661,,1686518509,mohammad,group name,groupid
662,,1730522989,Mojee Mhmodabade,group name,groupid
663,,1738515268,Mehdi,group name,groupid
664,,1740666555,mani,group name,groupid
665,ali_mi36,1748463639,ê­¿ÅÎ¹áµá•¼á»–Åê­¿ÎœÎ¹,group name,groupid
666,,1777102949,Mersad,group name,groupid
667,Hooshi110,37987391,M. H,group name,groupid
668,,63139984,M,group name,groupid
669,,66169156,m:B,group name,groupid
670,,82163521,Majid Moghadam,group name,groupid
671,,99062620,M,group name,groupid
672,Meysamsheykhiii,103891511,Meysam,group name,groupid
673,,114284384,Mohammad,group name,groupid
674,Mohamadmahdi017,118760317,Mahdi,group name,groupid
675,,132326249,H m,group name,groupid
676,,133634968,Maryam,group name,groupid
677,A_moslemkalhori,138556238,Ù…Ø³Ù„Ù… Ú©Ù„Ù‡Ø±ÛŒ,group name,groupid
678,Mosiyo_gholami,163208164,ğ‘ªğ‘¯ğ‘¬ğ‘¬ğ‘¹ğ‘­ğ‘¼ğ‘³ğŸ˜Š,group name,groupid
679,Awijany,223331890,Amir mohamad,group name,groupid
680,,232199732,M,group name,groupid
681,Mahdi_a377,320476937,Mahdi.a,group name,groupid
682,Mostafa8933,323843749,â™ªâ™«ğŸ¸MostafağŸ¸â™«â™ª,group name,groupid
683,MOHAMMADV03,363003645,ğŸ˜Ø´Ø¨Ú¯Ø±Ø¯ ØªÙ†Ù‡Ø§ğŸ˜,group name,groupid
684,Maryam_Heshmatiyan,369950189,maryam-H,group name,groupid
685,Jooker1383,398591994,ğŸ’œmohammadğŸ’œ,group name,groupid
686,Fateme_moOorteza96,453132107,(âœ¿â— â€¿â— â™¥)â¤â¤(â™¥â— â€¿â— âœ¿),group name,groupid
687,ma01100,482325623,m a,group name,groupid
688,Masoud3466,495502103,â—â–¬â–¬à¹‘Û©Û©à¹‘Masoud.mà¹‘Û©Û©à¹‘â–¬â–¬â—,group name,groupid
689,Akbar_max,521044610,_AkiğŸ”«max,group name,groupid
690,,551969806,*M*,group name,groupid
691,Mehdiem75,595453622,Ù…Ù‡Ø¯ÛŒ,group name,groupid
692,magrore70,668344991,ğŸŒ€Ø§Ø² Ø¯Ø±ÛŒØ§ Ø¢Ù…ÙˆØ®ØªÙ….... Ù‡Ø±Ú© Ø§Ø² Ø­Ø¯Ø´ Ú¯Ø°Ø´Øª ØºØ±Ù‚Ø´ Ú©Ù†Ù…ğŸŒ€,group name,groupid
693,Mosafer9279,725369718,(âœ¿â— â€¿â— â™¥)ÙØ§Ø·ÛŒ Ø¬ÙˆÙ†Ù…(â™¥â— â€¿â— âœ¿),group name,groupid
694,,725851862,Mahdi,group name,groupid
695,Mohamad_ilam_2002,738632434,Mohamad badbrot,group name,groupid
696,,752918790,H.m,group name,groupid
697,mojt40aba,812574214,-æ¼«~*'Â¨Â¯ à¹“à¹×Ÿtà¸„à¹’à¸„Â¨'*Â·èˆ~,group name,groupid
698,,814341772,M,group name,groupid
699,Fatemeh_HOssiini,816679195,FatÂ£mÂ£h~Hossini,group name,groupid
700,gadimi_m,861736498,Man ğŸŒºğŸŒº GğŸ˜œğŸ˜œğŸ˜œ,group name,groupid
701,Mmdjavad_moradi,881972244,MhmdjavadğŸ”±ğŸ”,group name,groupid
702,mojt1382aba,903384814,mojtaba,group name,groupid
703,Mary646090,933046269,â™ªâ™«â€¢*Â¨*â€¢.Â¸Â¸â¤baran â¤Â¸Â¸.â€¢*Â¨*â€¢â™«â™ª,group name,groupid
704,mehdikarami1381,957656566,â€”(â€¢Â·Ã·[ Karami]Ã·Â·â€¢)â€”,group name,groupid
705,Amirtehrani81,1003092053,Amirhossin .Madadi,group name,groupid
706,mooliila,1015968841,Moli,group name,groupid
707,,1024115517,Mt,group name,groupid
708,Morade1278,1060372881,ğŸ,group name,groupid
709,,1068963920,Milad,group name,groupid
710,Bahaaaary999,1069949145,â™ªâ™«â€¢*Â¨*â€¢.Â¸Â¸ Maryam Â¸Â¸.â€¢*Â¨*â€¢â™«â™ª,group name,groupid
711,,1078326785,Marziyeh matouryğŸ•ŠğŸ•Š,group name,groupid
712,,1131780158,Ë™Î‡Ù â€¢â—â™¥Mohammad abolhasaniâ™¥â—â€¢Ù Î‡Ë™,group name,groupid
713,,1245089276,â¤Mâ¤,group name,groupid
714,,1292862867,â¤mâ¤,group name,groupid
715,Mobina_art98,1337738340,ğŸ‘¸,group name,groupid
716,mohammadjavad828282,1376584618,mj,group name,groupid
717,amirzz12,1388480208,amir mohamad,group name,groupid
718,,1394455683,Hse Man,group name,groupid
719,haker_ghal,1413502834,ğŸ‘‘ğ™¢ğ™–ğ™¡ğ™–ğ™ ğ™šğ™®ğ™–ğ™ ğ™ğ™ğŸ‘‘,group name,groupid
720,,1467135379,MELIKA,group name,groupid
721,,1487081039,mashti giz,group name,groupid
722,,1520431913,Mostafa Molaii,group name,groupid
723,,1524748034,Ù…Ø±ØªØ¶ÛŒ Morteza.Bashi,group name,groupid
724,,1602443453,Mehdi Ahmad2,group name,groupid
725,,1627464315,M,group name,groupid
726,,1629731990,Maedeh,group name,groupid
727,,1661338088,mÉ’ÊÉ¿É’M,group name,groupid
728,,1668035492,Maedeh â¤,group name,groupid
729,,1683406415,Mahii,group name,groupid
730,,1687365431,Mojtaba,group name,groupid
731,,1733087899,Mehrdad,group name,groupid
732,,1764938036,Masoume,group name,groupid
733,,1788353370,Fati Mahmoodi,group name,groupid
734,iamcance,840144993,miscl,group name,groupid
735,,1669827217,Meh,group name,groupid
736,,40550679,Malolo,group name,groupid
737,,513194046,Moses,group name,groupid
738,,748140667,junaidah bt malek,group name,groupid
739,mergath,848275577,Mercy Gathuita,group name,groupid
740,,937518967,Lynnet Mutheu,group name,groupid
741,,1050828989,Maame Esi Maison,group name,groupid
742,,1113645878,Milly,group name,groupid
743,clariemark,1320848603,clarie mark,group name,groupid
744,,1334008826,Marie Antonette Kang,group name,groupid
745,,1360727193,Anna Corina Mahen,group name,groupid
746,,1481502742,Muhamad,group name,groupid
747,,1565304733,Mikael,group name,groupid
748,,1610042191,Martin Murray,group name,groupid
749,,1687449723,Mysarah Gundut,group name,groupid
750,moviesbuddyn,1464858945,Movie Buddy,group name,groupid
751,,1025607326,Jemal muhammed,group name,groupid
752,Mplmodapklelo,1097111707,Ø¹Ø³Ù„ Ø¨Ø§Ù†Ùˆ,group name,groupid
753,,929380268,Jai Mata Di,group name,groupid
754,Marthajonez,1201591100,Martha Jones,group name,groupid
755,mishraji09,1040401045,Shivam Mishra,group name,groupid
756,,1761611529,Lop,group name,groupid
757,,1768604998,liotrichidae,group name,groupid
758,,1066545456,lyonese,group name,groupid
759,,1152536414,Latarsha Galloway,group name,groupid
760,Luucifer_666,766721133,ğŸ‘»Ù…Ø§Ø²Ø¯ÙŠÙ†ğŸ‘»,group name,groupid
761,,1686474798,linotyper,group name,groupid
762,hoseinjoon11,69826486,...... L,group name,groupid
763,Lnfdcbhf,130718303,Ø±ÙˆÛŒØ§ Ø±Ø¶Ø§,group name,groupid
764,,1082986437,lyophiled,group name,groupid
765,,1701554498,lioniser,group name,groupid
766,,1781642413,lintwhite,group name,groupid
767,,1703117446,lionfishes,group name,groupid
768,,1712760746,lionet,group name,groupid
769,,1601771383,lionheartedly,group name,groupid
770,,1701475098,lyophobic,group name,groupid
771,,1174005593,Lala Black,group name,groupid
772,,1082415517,Leong,group name,groupid
773,Lena19989,1288813574,HafizHarraz,group name,groupid
774,,1589043580,linum,group name,groupid
775,,1625328542,lyopomata,group name,groupid
776,,1636397075,Ë¡áµƒâ±Ë¡áµƒáµ—áµ˜Ë¡ áµˆáµƒáµâ±áµƒ,group name,groupid
777,,1652566172,Luck,group name,groupid
778,,1723583125,lintiest,group name,groupid
779,,1726531210,linteled,group name,groupid
780,,1754967314,lyonetia,group name,groupid
781,,1759458812,lionel,group name,groupid
782,,1760537750,lipectomy,group name,groupid
783,,1762459177,linotypes,group name,groupid
784,,1771973256,lintier,group name,groupid
785,,1772108540,lyperosia,group name,groupid
786,,1773085587,lionproof,group name,groupid
787,,1783571570,liotrichine,group name,groupid
788,,1625650683,liparite,group name,groupid
789,Luciana_Anna0,1332318372,Luciana Anna,group name,groupid
790,,1176036119,Komeyl,group name,groupid
791,,1512268037,KOMP,group name,groupid
792,Kgjgfhj,1293445192,Ø§Ø¨Ùˆ,group name,groupid
793,,1783994572,Gorba Kasrayi,group name,groupid
794,,635914140,Amirreza Kalantari,group name,groupid
795,Djdbdufnfj,686794373,.â€¢â™«kingâ€¢â™¬,group name,groupid
796,kourdemmm,688691604,.,group name,groupid
797,KHASE1400,819250284,Ø®Ø§ØµÙ… Ù…Ø«Ù„ Ø§Ø«Ø± Ø§Ù†Ú¯Ø´ØªÙ…2461ğŸ’Ÿ,group name,groupid
798,,1316655503,Elias Kabi,group name,groupid
799,,1622158317,ifrifif kfdofi,group name,groupid
800,,1691131688,Kazem Asadi,group name,groupid
801,,280507575,hocein.k,group name,groupid
802,Azmbcnfx,297149027,hamid Khoshnood,group name,groupid
803,Khatibierfan,774724073,ğ‘¬ğ’“ğ’‡ğ’‚ğ’,group name,groupid
804,,850548447,k ØµØ§Ø¯Ù‚ÛŒ,group name,groupid
805,Kim_chi_85,1178306837,Kimia,group name,groupid
806,,1562075738,King,group name,groupid
807,,1660464987,Kaliam,group name,groupid
808,Glacent,1094248653,Gladys Kiarie,group name,groupid
809,,1771441238,arr kay,group name,groupid
810,,1682944202,Satish Kumar,group name,groupid
811,arvind7862,1326463936,Arvind Kumar,group name,groupid
812,,951385375,kishan,group name,groupid
813,,858051869,Aashish Kateliya,group name,groupid
814,Co0lking,1258856067,Cool King,group name,groupid
815,,1367272541,Angesh Kumar,group name,groupid
816,,912440717,Shiv Kumar,group name,groupid
817,,905162361,Abhinandan Kamboj,group name,groupid
818,,1754934157,Arthur Johnston,group name,groupid
819,Juliet_Alora,1474084751,Alora,group name,groupid
820,Fkfkor9,1174978470,Jdod,group name,groupid
821,Jvadzade,1041368948,Ø¯Ø§ÙˆØ¯ Ù…Ø­Ù…Ø¯Ø²Ø§Ø¯Ù‡,group name,groupid
822,ebrahim317,244210456,Jamshidi,group name,groupid
823,javad_cv,406197436,ğŸ’¥ Ò‰drÌ·Ì·eÌ·Ì·aÌ·Ì·É± É“Ã¸Â¥ğŸ‘‘,group name,groupid
824,Jami1372,410106098,Ø¨Ú†Ù‡ Ù…Ø­Ù„,group name,groupid
825,delarm_jahan,444259747,Ù¾Ú˜ÙˆØ§Ú© â¤,group name,groupid
826,janfeda,912075139,H,group name,groupid
827,,1758121132,jalal,group name,groupid
828,,1797127049,Jo,group name,groupid
829,,815249919,jerry john,group name,groupid
830,iii_iir3,652583116,Ø¹Ù€Ù“Ù€Ù“Ù€Ù“Ø±Ø§Ù‚Ù€Ù“Ù€Ù“Ù€Ù“ÙŠÙ€Ù“Ù€Ù“Ù‡,group name,groupid
831,,1349741762,Iko18,group name,groupid
832,Hamid_13811,1679734969,ğŸ‘‘HÏ€âˆ†âˆ†idğŸ‘‘,group name,groupid
833,,888268557,boy iqy,group name,groupid
834,,1108765723,Izat Isaac,group name,groupid
835,,1521417200,Irfan,group name,groupid
836,,1656088748,Ilham ilmy,group name,groupid
837,,1679381886,B - I HERRY,group name,groupid
838,,1740511265,Ishani,group name,groupid
839,ChristopherHughes,1772795430,Christopher Hughes,group name,groupid
840,Elgradoo,1204599128,heatedly,group name,groupid
841,,1662191461,H,group name,groupid
842,,807867465,healthless,group name,groupid
843,,1116171415,hydrocyst,group name,groupid
844,,1226993366,healthy,group name,groupid
845,hoju_3,1270504325,ì‹œë“œë‹ˆ,group name,groupid
846,,1497181339,H,group name,groupid
847,,1341845832,Elite Hacker ğŸ¥‡,group name,groupid
848,,1685197143,Hqyagava Gy,group name,groupid
849,,96392994,Hosein Azimi,group name,groupid
850,HHH093,190701486,Hamid,group name,groupid
851,Hamedffffffffff,413526214,Hamed,group name,groupid
852,HANEl0089,709842453,Ù‡Ø§Ù†ÛŒØ§ Ù¾Ø±ÙˆØ±Ø´,group name,groupid
853,Hossein58217,730437012,Ho3ein,group name,groupid
854,,822446299,HOSNA,group name,groupid
855,,876087416,Hani,group name,groupid
856,,984228919,Hasti,group name,groupid
857,,1349997145,Amir hosein 3233,group name,groupid
858,,1670431239,Hassan,group name,groupid
859,,1672195777,Diyar Hasanzadeh,group name,groupid
860,,1685812428,hanan Gh,group name,groupid
861,Hseou,1769382133,Arsham,group name,groupid
862,,1785453639,hadis,group name,groupid
863,,356354366,Ali Habibpour,group name,groupid
864,Hadavj,548706049,Ø§Ø¨ÙˆØ§Ù„ÙØ¶Ù„,group name,groupid
865,Hamed2414,712395374,((( ØªÙ†Ù‡Ø§Ø¨ÛŒ ))) % % %,group name,groupid
866,Hamidrezaa_80,862965222,(:(HaMiDrEzA):),group name,groupid
867,,986952503,Hediyeh,group name,groupid
868,Amirhossinlan,1045138032,â®Amirâ›“ hossinâ­,group name,groupid
869,,1168502783,Hamid Bad Boy,group name,groupid
870,,1178667638,Erfan Hallaj $$ğŸ˜‹,group name,groupid
871,,1180281896,H...A...,group name,groupid
872,hoseinavar1,1201153158,Ø­Ø³ÛŒÙ† Ø¢ÙˆØ±s,group name,groupid
873,amir_h_dalvand7,1352321187,amir.h.dalvand,group name,groupid
874,Afshin_h82,1400850493,Â°â€¢Â°AfshinÂ°â€¢Â°,group name,groupid
875,,1589583728,ââ’½â“â“â“˜â,group name,groupid
876,,1688300431,H,group name,groupid
877,,1726969541,ğŸ’ğŸ‘‘Hazrate daryağŸ’ğŸ‘‘,group name,groupid
878,,1737811922,Hasti,group name,groupid
879,,1792391088,feri Hossini,group name,groupid
880,,1713253746,hydrocarbonate,group name,groupid
881,,1355559846,hydrolysable,group name,groupid
882,,1776992298,hydrofluoric,group name,groupid
883,,1673050298,hydrofoil,group name,groupid
884,,1710450546,hydrocoralline,group name,groupid
885,,1767452898,heated,group name,groupid
886,,1790081398,hearts,group name,groupid
887,,1697644946,healthguard,group name,groupid
888,,1711730098,hydrogeologic,group name,groupid
889,,1667703746,hydrography,group name,groupid
890,,1226587603,hydrocollidine,group name,groupid
891,,1237140427,hydrochlorplatinic,group name,groupid
892,,1710911246,heartquake,group name,groupid
893,,1434143641,hydrogenise,group name,groupid
894,,1543106056,Afiq Haikal,group name,groupid
895,,1620978958,hearty,group name,groupid
896,,1636063384,hydrogenating,group name,groupid
897,,1637996855,hydrome,group name,groupid
898,,1638204068,huazi228,group name,groupid
899,,1641807523,hydromantic,group name,groupid
900,,1687428147,heartpea,group name,groupid
901,,1688580552,Eshan Hariz,group name,groupid
902,,1689179670,Hamid Acang,group name,groupid
903,,1694027198,heartstring,group name,groupid
904,,1697232976,heatable,group name,groupid
905,,1699014214,heapy,group name,groupid
906,,1701832834,heartsette,group name,groupid
907,,1702599046,heartstring,group name,groupid
908,,1710752534,hydrocystic,group name,groupid
909,,1712346864,hydrohemothorax,group name,groupid
910,,1716592121,heatdrop,group name,groupid
911,,1717560849,hearting,group name,groupid
912,,1721406534,hearty,group name,groupid
913,,1728783969,hydroelectrization,group name,groupid
914,,1732144664,heartscald,group name,groupid
915,,1766339811,hydromantic,group name,groupid
916,,1773546635,heartling,group name,groupid
917,,1782982774,hydrogels,group name,groupid
918,FurPu,1140449460,heartens,group name,groupid
919,gayandebroken,1368834498,chancellory,group name,groupid
920,,1532184346,gcfhh,group name,groupid
921,Gazalyas,505544540,Ø²ÛŒÙ†Ø¨,group name,groupid
922,,972533834,Ø²Ù‡Ø±Ø§ Ginko,group name,groupid
923,,1290637254,g,group name,groupid
924,,110247826,ALI GHASR,group name,groupid
925,,407851044,Ali Gorbani,group name,groupid
926,,1789345898,gyds,group name,groupid
927,AleutowinstaG,1226169574,En Geoogle,group name,groupid
928,DjGanti,1496288901,Diman Ganti,group name,groupid
929,,1082660424,Govind Sahani,group name,groupid
930,,1761564750,Frank Everson,group name,groupid
931,Fatisher,764222177,Ø¹Ù,group name,groupid
932,,1515917522,Fgbbnn,group name,groupid
933,,112847807,Akbar Feizi,group name,groupid
934,,405972455,fatemeh,group name,groupid
935,,553116821,Farzaneh Babayi,group name,groupid
936,,1272195465,faeze,group name,groupid
937,,1568439288,ğ‘­ğ‘¨ğ‘»ğ‘°ğ‘´ğ‘¨,group name,groupid
938,,1601273176,Farzaneh,group name,groupid
939,,80567516,Farzan Barzegar,group name,groupid
940,danial_farahmands,99405805,danial,group name,groupid
941,F9274,116500755,Alipanah,group name,groupid
942,Far1383a,559623588,_&f,group name,groupid
943,Farhad_199_137,612647535,Farhad,group name,groupid
944,,846900744,F â¤ğŸ–¤,group name,groupid
945,farshad_adidas,1026013205,fÎ±ÑÅ¡Ä§Î±Ä‘,group name,groupid
946,,1125750400,fatemeh,group name,groupid
947,,1235051108,FRasooli,group name,groupid
948,f_aeze1377,1592260623,â„±ğ’œâ„°ğ’µâ„°â„‹ğŸ’™,group name,groupid
949,,658423403,Angah Fikri,group name,groupid
950,EmanuelCarlstedt,1707343760,Emanuel Carlstedt,group name,groupid
951,exhbdijd78,801798049,Ú¯ÙˆØ²Ùˆ,group name,groupid
952,,1407940143,Elizabeth,group name,groupid
953,,1619578941,Elizabeth,group name,groupid
954,erfanfathi125,823513880,Erfan,group name,groupid
955,,942122500,ğŸ’‹ ELhAMğŸ’‹,group name,groupid
956,,1634838288,Elina,group name,groupid
957,edrisss22,366006926,Edrissss,group name,groupid
958,,1031631460,erfanzarei,group name,groupid
959,,1644258111,Eliyas,group name,groupid
960,,1653552240,Eman,group name,groupid
961,,1684543800,E & E,group name,groupid
962,,1465508116,Eashaan Eashan,group name,groupid
963,,1498303261,É´á´œÊ€ÉªÉ´ EÊ€ÉªÉ´,group name,groupid
964,Ebnutpa,1606847378,Ebo,group name,groupid
965,,1252668689,Edi Duro,group name,groupid
966,EMFadmin,1209160592,Shiva,group name,groupid
967,,1508996246,diplarthrous,group name,groupid
968,,1612211898,diptera,group name,groupid
969,,1705331746,diradiation,group name,groupid
970,,1744729214,diplopia,group name,groupid
971,,676686740,Danijoon,group name,groupid
972,Donyaaa1266,770497224,ğŸ¥°ğŸ¥°GodğŸ¥°ğŸ¥°,group name,groupid
973,Donyam_anam_atamm,847113602,...,group name,groupid
974,,184880486,*danez .,group name,groupid
975,,699349261,Didar,group name,groupid
976,Dokht_bhar313,1018864704,~Ø¯ÙØ®ØªÙâ€ŒØ¨ÙÙ‡Ø£Ø±â™¡,group name,groupid
977,dar_1384,1063997802,Ø¨Ø¯ÙˆÙ† Ù†Ø§Ù…,group name,groupid
978,DILBAKHTIH,1195790404,__â™¡Ø´Ø¨Ú¯Ø±Ø¯ Ø¨Ø®ØªÛŒØ§Ø±ÛŒâ™¡__,group name,groupid
979,,1710068375,Dr.@,group name,groupid
980,,1639313646,dipsos,group name,groupid
981,,1656018746,dipotassic,group name,groupid
982,,1511873683,diptera,group name,groupid
983,,1765171498,dipsosis,group name,groupid
984,,1161183090,dirdums,group name,groupid
985,,1083965893,diploplacular,group name,groupid
986,,1700586546,diradiation,group name,groupid
987,,1316803529,dipodic,group name,groupid
988,,1767471598,diplumbic,group name,groupid
989,,1695470885,digital,group name,groupid
990,,1163305027,cilo dancer,group name,groupid
991,Danicty,1381955082,Abraham Akwasi Danso,group name,groupid
992,,1569369935,Dekna,group name,groupid
993,,1596388311,dird,group name,groupid
994,,1623052092,diplocephalous,group name,groupid
995,,1632606232,dipody,group name,groupid
996,,1636706514,dipppier,group name,groupid
997,,1689328253,diplois,group name,groupid
998,,1708712352,diplomatists,group name,groupid
999,,1713375058,diplexer,group name,groupid
1000,,1713947699,dipterocecidium,group name,groupid
1001,,1717670221,diplophase,group name,groupid
1002,,1720303853,diplomatology,group name,groupid
1003,,1726005851,diploptera,group name,groupid
1004,,1726764574,diploblastic,group name,groupid
1005,,1727716814,dipteraceous,group name,groupid
1006,,1730525723,directeur,group name,groupid
1007,,1734602914,diplomatics,group name,groupid
1008,,1735071633,dipole,group name,groupid
1009,,1740932635,dipropellant,group name,groupid
1010,,1742722711,dipping,group name,groupid
1011,,1750726475,diplograph,group name,groupid
1012,,1762529649,dipodomys,group name,groupid
1013,,1762905411,diplocoria,group name,groupid
1014,,1766182192,dipsie,group name,groupid
1015,,1770785353,dipware,group name,groupid
1016,,1796303538,diploconical,group name,groupid
1017,,892942162,Sanyam Desai,group name,groupid
1018,,1022516779,Dicaprio,group name,groupid
1019,,1503855130,chamomile,group name,groupid
1020,Chloe999999,1075855904,Chloe,group name,groupid
1021,,1382845314,chandlers,group name,groupid
1022,,1620969699,Choom,group name,groupid
1023,,1653373646,cvbnn,group name,groupid
1024,Chica2000,1664792476,Chica,group name,groupid
1025,,1656136046,chandui,group name,groupid
1026,,1670632298,chancellorships,group name,groupid
1027,,1700902998,chandlers,group name,groupid
1028,,1636852134,church,group name,groupid
1029,,1346710348,Brenda Chucks,group name,groupid
1030,,1624274235,champagnizing,group name,groupid
1031,,1629348044,chancelry,group name,groupid
1032,,1660276910,candynice,group name,groupid
1033,,1705582859,chancrous,group name,groupid
1034,,1708551033,chams,group name,groupid
1035,,1716512862,chancrous,group name,groupid
1036,,1724578776,champlainic,group name,groupid
1037,,1727241790,chammy,group name,groupid
1038,,1749505290,chamkanni,group name,groupid
1039,,1750430563,chancemen,group name,groupid
1040,,1759566339,chancered,group name,groupid
1041,,1766798764,champart,group name,groupid
1042,,1796915369,chamlet,group name,groupid
1043,,1791841083,chamoisette,group name,groupid
1044,anurot,1149350928,Anurot Chanophosri,group name,groupid
1045,,1312802193,BoB,group name,groupid
1046,,990183590,BenğŸ§€,group name,groupid
1047,,726650864,Abbas Bolvardi,group name,groupid
1048,,925968617,B,group name,groupid
1049,Behruz1995,119639015,Behrouz,group name,groupid
1050,bemnporia57,903323720,Ú©Ø±ÛŒÙ…. Ø¨Ù†Ø²Ù…Ø§...,group name,groupid
1051,Arayeshi_behdashtisina,1071735324,ÙÙ‚Ø· Ø®Ø¯Ø§,group name,groupid
1052,,1649877443,****BAHAr***,group name,groupid
1053,,1666973698,ğŸ˜BarfakğŸ¤ ,group name,groupid
1054,,1202568220,Bexruzbek,group name,groupid
1055,,1379079935,"á´‡á´œá´¡á´¡""áµ‡áµ‡Ê¸ á´›á´€á´„á´á´…""",group name,groupid
1056,,1480746889,Aby Bya,group name,groupid
1057,,1646739232,buguoruci,group name,groupid
1058,,836604084,Swaraj Balghare,group name,groupid
1059,,1268997779,Silas Bhankad,group name,groupid
1060,,904987139,BAD Boy,group name,groupid
1061,,1628733482,A2B0D2R0,group name,groupid
1062,,1219511148,ASLIHAAM,group name,groupid
1063,,1227398609,3 act,group name,groupid
1064,,1343497030,A,group name,groupid
1065,,876852862,AliMirzaei,group name,groupid
1066,,1297631840,Aynur ğŸ˜ğŸ’,group name,groupid
1067,,1770794898,Account 11,group name,groupid
1068,,1071854724,a,group name,groupid
1069,aliabv8,104822945,Ø¹Ù„ÛŒ Ø¹Ø¨Ø¯ÙˆÙ„ÛŒ,group name,groupid
1070,,112199250,â“â“œâ“˜â“¡,group name,groupid
1071,aboolhasan9194,146282471,Ø·ÛŒØ¨Ù‡ Ù†Ø¨Ø¦ÛŒ(Ø§Ø¨ÙˆØ§Ù„Ø­Ø³Ù† Ø§Ù† Ø´Ø§Ø¡Ù„Ù„Ù‡ Ù¾ÛŒØ±Ùˆ Ø®Ø· Ø±Ù‡Ø¨Ø±ÛŒ),group name,groupid
1072,Alirezaahmadi9883,183705949,Alireza,group name,groupid
1073,,299383298,AylinğŸ˜—ğŸ˜™ &,group name,groupid
1074,Amir221233,336658715,â‡â¤ğŸ¤´AmirğŸ¤´â¤â‡œ,group name,groupid
1075,Alirezaxxx78,767684102,Alireza,group name,groupid
1076,Amirmahdi_7,866342483,Ø§Ù…ÛŒØ±,group name,groupid
1077,,907570926,A,group name,groupid
1078,,1117367302,Ali,group name,groupid
1079,Alireza6037,1221050835,Alireza,group name,groupid
1080,,1541069717,AmirAli,group name,groupid
1081,,1555772635,A,group name,groupid
1082,,1577603183,Ali,group name,groupid
1083,,1641800074,Amir,group name,groupid
1084,asalkhanoommm,1692540843,_ğŸ–¤ğ“ğ“¢ğ“ğ“›ğ“˜ğ“ğ“œğŸ–¤_,group name,groupid
1085,,1707993216,Amir,group name,groupid
1086,,1750747269,amirhosein,group name,groupid
1087,,1796260068,Alireza,group name,groupid
1088,,81211723,Afsaneh,group name,groupid
1089,,119787808,â—â–¬â–¬à¹‘Û©Û©à¹‘ğŸŒ²aliShğŸŒ²à¹‘Û©Û©à¹‘â–¬â–¬â—,group name,groupid
1090,amirmahdiasghari1387,365861380,amirasghari,group name,groupid
1091,az09rima,535862419,Ø§Ù…ÛŒØ±Ø­Ø³ÛŒÙ†,group name,groupid
1092,,749185946,Amir..,group name,groupid
1093,Amirreza111155,893707669,â™¦ï¸AmØ§Ù…ÛŒØ±irâ™¦ï¸,group name,groupid
1094,Ali21382,1064915286,Ø¹Ù„ÛŒ,group name,groupid
1095,,1093829177,aysan,group name,groupid
1096,,1151180771,ğŸŒ¹AvağŸŒ¹,group name,groupid
1097,Alizareei1822,1166743203,Ë™Î‡Ù â€¢â—â™¥Aliâ™¥â—â€¢Ù Î‡Ë™,group name,groupid
1098,,1218082125,ali ansari,group name,groupid
1099,amirrzaevjrndjush,1258662731,Ø§Ù…ÛŒØ± Ø±Ø¶Ø§ Ø¨Ø§Ø¨Ø§Ø²Ø§Ø¯Ù‡ ÙØ±Ø¯Û±Û°/Û²,group name,groupid
1100,ali097041,1270081159,ali097041,group name,groupid
1101,,1312228018,Amir,group name,groupid
1102,aliebram5996,1312580824,Ali,group name,groupid
1103,,1332207917,AMIR,group name,groupid
1104,Ali1320000,1343199519,Ù…Ù‡Ø³Ø§,group name,groupid
1105,,1355882680,Amir,group name,groupid
1106,,1368418714,amir,group name,groupid
1107,,1376204315,ğŸ‘‘AmirğŸ‘‘,group name,groupid
1108,,1402686339,A,group name,groupid
1109,,1477507110,Ë™Î‡Ù â€¢â—â™¥ Æ¸ÌµÌ¡ÓœÌµÌ¨Ì„Æ·AğŸ’AÆ¸ÌµÌ¡ÓœÌµÌ¨Ì„Æ· â™¥â—â€¢Ù Î‡Ë™,group name,groupid
1110,,1530244699,ğŸ‡§ğŸ‡·AbolfazlğŸ‡§ğŸ‡·,group name,groupid
1111,,1609960080,Amir,group name,groupid
1112,,1622658965,Ali,group name,groupid
1113,alirezagjjlv,1634919709,Â£â‚¬Â©Â®â„¢Â¶79+â€¢56=135,group name,groupid
1114,Aliza78,1668804542,Alireza,group name,groupid
1115,abolfazlakd,1684870426,ali,group name,groupid
1116,,1711406314,Alven,group name,groupid
1117,,1715783020,A,group name,groupid
1118,,1729014147,â€¢Â¤Â»((Â¯â™¥Â¯))Â«Â¤â€¢armin9148â€¢Â¤Â»((Â¯â™¥Â¯))Â«Â¤â€¢,group name,groupid
1119,Alilolomm,1742414010,Ø¹Ù„ÛŒ .....,group name,groupid
1120,,1771639638,Aysal,group name,groupid
1121,,1792223764,Arta,group name,groupid
1122,ajayrocki,1652534609,Ajay,group name,groupid
1123,,1468237074,Anna 90,group name,groupid
1124,,1710594369,Arsam,group name,groupid
1125,,1795374551,Arysyamal,group name,groupid
1126,,1497841848,Aditya,group name,groupid
1127,,1077788622,Ahmed Suuley,group name,groupid
1128,,1123162197,AJAY SONI,group name,groupid
1129,,1735495233,sendal,group name,groupid
1130,,1737158665,semostomeous,group name,groupid
1131,,1738125487,sempiternize,group name,groupid
1132,,1738705377,sergeantry,group name,groupid
1133,,1740072673,snowfalls,group name,groupid
1134,,1740998840,snowberg,group name,groupid
1135,,1741063401,septile,group name,groupid
1136,,1742645145,serenaders,group name,groupid
1137,,1745445019,snuffman,group name,groupid
1138,,1748463194,soaked,group name,groupid
1139,,1753856814,senegas,group name,groupid
1140,,1757849872,serapea,group name,groupid
1141,,1758919529,soapberry,group name,groupid
1142,,1766748007,semitism,group name,groupid
1143,,1771197994,senate,group name,groupid
1144,,1773860922,snowcreep,group name,groupid
1145,,1774167825,snuggled,group name,groupid
1146,,1774575821,sequel,group name,groupid
1147,,1775369549,serenissimo,group name,groupid
1148,,1775546305,sendle,group name,groupid
1149,,1780971501,serenatas,group name,groupid
1150,,1786978073,snuffy,group name,groupid
1151,,1794049181,socializations,group name,groupid
1152,,1795106256,sequined,group name,groupid
1153,,1799218985,serbia,group name,groupid
1154,,1663386531,sequesters,group name,groupid
1155,,1715231646,snowcraft,group name,groupid
1156,,1103190220,Satnam Singh,group name,groupid
